{"cameraMode":{"drawMode":0,"name":"Shaded","section":"Shading Mode"},"sceneLighting":false,"audioPlay":false,"sceneViewState":{"showFog":true,"showMaterialUpdate":false,"showSkybox":false,"showFlares":true,"showImageEffects":true,"showParticleSystems":true},"in2DMode":false,"pivot":{"x":-1.8386447429656983,"y":0.7005391120910645,"z":0.03693723678588867},"rotation":{"x":-0.03703251853585243,"y":-0.15583622455596925,"z":-0.0058516813442111019,"w":0.9870861172676086},"size":2.040252923965454,"orthographic":false}