{"cameraMode":{"drawMode":0,"name":"Shaded","section":"Shading Mode"},"sceneLighting":false,"audioPlay":false,"sceneViewState":{"showFog":false,"showMaterialUpdate":false,"showSkybox":false,"showFlares":false,"showImageEffects":false,"showParticleSystems":false},"in2DMode":false,"pivot":{"x":63.919517517089847,"y":50.28248596191406,"z":-62.86885070800781},"rotation":{"x":0.04973450303077698,"y":-0.5584758520126343,"z":0.03350803628563881,"w":0.8274855613708496},"size":60.19224166870117,"orthographic":false}