{"cameraMode":{"drawMode":0,"name":"Shaded","section":"Shading Mode"},"sceneLighting":true,"audioPlay":false,"sceneViewState":{"showFog":true,"showMaterialUpdate":false,"showSkybox":false,"showFlares":true,"showImageEffects":true,"showParticleSystems":true},"in2DMode":false,"pivot":{"x":-36.74443054199219,"y":6.001252174377441,"z":4.934079170227051},"rotation":{"x":-0.01241282932460308,"y":-0.34300264716148379,"z":-0.0043620578944683079,"w":0.9392561912536621},"size":5.779253005981445,"orthographic":false}