{"cameraMode":{"drawMode":0,"name":"Shaded","section":"Shading Mode"},"sceneLighting":true,"audioPlay":false,"sceneViewState":{"showFog":true,"showMaterialUpdate":false,"showSkybox":false,"showFlares":true,"showImageEffects":true,"showParticleSystems":true},"in2DMode":false,"pivot":{"x":-41.54487991333008,"y":3.908508062362671,"z":-14.87684440612793},"rotation":{"x":0.08599894493818283,"y":0.7895365357398987,"z":-0.11344902217388153,"w":0.5969873070716858},"size":5.794713973999023,"orthographic":false}