{"cameraMode":{"drawMode":0,"name":"Shaded","section":"Shading Mode"},"sceneLighting":true,"audioPlay":false,"sceneViewState":{"showFog":true,"showMaterialUpdate":false,"showSkybox":false,"showFlares":true,"showImageEffects":true,"showParticleSystems":true},"in2DMode":false,"pivot":{"x":-39.2197265625,"y":7.2628173828125,"z":-11.2177734375},"rotation":{"x":-0.002170506864786148,"y":0.9955871105194092,"z":-0.025750361382961274,"w":-0.0904194638133049},"size":2.5308547019958498,"orthographic":true}