{"cameraMode":{"drawMode":0,"name":"Shaded","section":"Shading Mode"},"sceneLighting":true,"audioPlay":false,"sceneViewState":{"showFog":true,"showMaterialUpdate":false,"showSkybox":true,"showFlares":true,"showImageEffects":true,"showParticleSystems":true},"in2DMode":false,"pivot":{"x":288.5213928222656,"y":45.29930114746094,"z":5.7062530517578129},"rotation":{"x":0.05507606267929077,"y":-0.25957173109054568,"z":-0.014582130126655102,"w":-0.9641360640525818},"size":50.413795471191409,"orthographic":false}