{"cameraMode":{"drawMode":0,"name":"Shaded","section":"Shading Mode"},"sceneLighting":false,"audioPlay":false,"sceneViewState":{"showFog":true,"showMaterialUpdate":false,"showSkybox":false,"showFlares":true,"showImageEffects":true,"showParticleSystems":true},"in2DMode":false,"pivot":{"x":-7.517011642456055,"y":1.6224963665008546,"z":-1.5267066955566407},"rotation":{"x":-0.02336892858147621,"y":0.9530975222587586,"z":-0.2920198440551758,"w":-0.0762418881058693},"size":0.6536060571670532,"orthographic":false}