{"cameraMode":{"drawMode":0,"name":"Shaded","section":"Shading Mode"},"sceneLighting":true,"audioPlay":false,"sceneViewState":{"showFog":true,"showMaterialUpdate":false,"showSkybox":true,"showFlares":true,"showImageEffects":true,"showParticleSystems":true},"in2DMode":false,"pivot":{"x":20.868507385253908,"y":115.28785705566406,"z":173.6731719970703},"rotation":{"x":0.03617420420050621,"y":-0.868076741695404,"z":0.06084269657731056,"w":0.49196958541870119},"size":20.82216453552246,"orthographic":false}