{"cameraMode":{"drawMode":0,"name":"Shaded","section":"Shading Mode"},"sceneLighting":false,"audioPlay":false,"sceneViewState":{"showFog":true,"showMaterialUpdate":false,"showSkybox":false,"showFlares":true,"showImageEffects":true,"showParticleSystems":true},"in2DMode":false,"pivot":{"x":6.1999969482421879,"y":64.19999694824219,"z":-198.89999389648438},"rotation":{"x":0.014115528203547001,"y":-0.9771560430526733,"z":0.2024383395910263,"w":0.06590571254491806},"size":130.13795471191407,"orthographic":false}